Round,Round name,Round description,Song,Artist,Album,Song votes,Song voters,Song rank,Song person submitted,Song person submitted comment,Votes and comments
10,happy birthday to youuuu,songs from the year you were born !! (maybe even the same month if you wanna deep dive that far),Own Worst Enemy,Lit,A Place In The Su,34,13,1st,N2N0,This was released exacrly on the day I was born,"Marina
6
ThenerB
Bonus points for your specificity!
5
rena :)
5
JustRimmey
3
Sjr
3
JacAttac
2
Matthew J. Hobbs
2
HippyHippyShake
2
Tatami
2
JJdaPanda
1
Heavy Metal Zebra
1
Terry L.
1
Duncan Moreland
1"
10,happy birthday to youuuu,songs from the year you were born !! (maybe even the same month if you wanna deep dive that far),Never Gonna Give You Up,Rick Astley,Whenever You Need Somebod,30,12,2nd,Sjr,1987,"Mooly
5
rena :)
4
Heavy Metal Zebra
3
N2N0
3
Matthew J. Hobbs
3
Terry L.
3
JJdaPanda
2
ThenerB
2
JacAttac
2
Tatami
1
Duncan Moreland
1
JustRimmey
1"
10,happy birthday to youuuu,songs from the year you were born !! (maybe even the same month if you wanna deep dive that far),Everybody Wants To Rule The World,Tears For Fears,Songs From The Big Chair (Super Deluxe Editi,29,13,3rd,HippyHippyShake,Born is 1985 and this song is STILL a favorite of mine.,"Mooly
5
N2N0
3
Terry L.
3
Sjr
2
Heavy Metal Zebra
2
JJdaPanda
2
rena :)
2
JustRimmey
2
JacAttac
2
Tatami
2
ThenerB
2
Marina
1
Duncan Moreland
1"
10,happy birthday to youuuu,songs from the year you were born !! (maybe even the same month if you wanna deep dive that far),Kiss,Prince,Parade - Music from the Motion Picture Under the Cherr,27,13,4th,ThenerB,😘,"HippyHippyShake
4
Mooly
4
Sjr
2
N2N0
2
rena :)
2
JustRimmey
2
Heavy Metal Zebra
2
JJdaPanda
2
Tatami
2
Duncan Moreland
2
Matthew J. Hobbs
1
JacAttac
1
Terry L.
1"
10,happy birthday to youuuu,songs from the year you were born !! (maybe even the same month if you wanna deep dive that far),Welcome To The Jungle,Guns N' Roses,Appetite For Destructi,26,12,5th,Mooly,"You know where you are? You're in the jungle, baby!","
Hell yeah, bruther
rena :)
5
Heavy Metal Zebra
3
Duncan Moreland
3
Terry L.
3
JJdaPanda
2
N2N0
2
JacAttac
2
Matthew J. Hobbs
2
Tatami
1
Sjr
1
JustRimmey
1
Marina
1"
10,happy birthday to youuuu,songs from the year you were born !! (maybe even the same month if you wanna deep dive that far),Without Me,Eminem,The Eminem Show,25,14,6th,rena :),2002 ⭐️,"HippyHippyShake
4
Heavy Metal Zebra
3
Tatami
2
Duncan Moreland
2
Marina
2
JustRimmey
2
Mooly
2
Terry L.
2
JJdaPanda
1
N2N0
1
JacAttac
1
Matthew J. Hobbs
1
Sjr
1
ThenerB
1"
10,happy birthday to youuuu,songs from the year you were born !! (maybe even the same month if you wanna deep dive that far),Pepper,Butthole Surfers,Electriclarryland,24,9,7th,Marina,1996,"Mooly
5
JustRimmey
4
Duncan Moreland
My dad went to school with these guys
3
ThenerB
3
Matthew J. Hobbs
3
Tatami
2
Sjr
2
JJdaPanda
1
JacAttac
1"
10,happy birthday to youuuu,songs from the year you were born !! (maybe even the same month if you wanna deep dive that far),Kung Fu Fighting,Carl Douglas,Kung Fu Fighter,22,13,8th,Matthew J. Hobbs,,"Marina
3
N2N0
3
JJdaPanda
3
JustRimmey
2
JacAttac
2
Terry L.
2
Heavy Metal Zebra
1
Tatami
1
Duncan Moreland
1
ThenerB
1
rena :)
1
Mooly
1
Sjr
1"
10,happy birthday to youuuu,songs from the year you were born !! (maybe even the same month if you wanna deep dive that far),When Doves Cry,Prince,Purple Rai,22,12,9th,JustRimmey,"April, 1984","HippyHippyShake
4
Tatami
2
Sjr
2
Duncan Moreland
2
JacAttac
2
Matthew J. Hobbs
2
Terry L.
2
Marina
2
JJdaPanda
1
Heavy Metal Zebra
1
N2N0
1
ThenerB
1"
10,happy birthday to youuuu,songs from the year you were born !! (maybe even the same month if you wanna deep dive that far),Torn,Natalie Imbruglia,Left Of The Middle,20,12,10th,JacAttac,97,"ThenerB
3
HippyHippyShake
2
Tatami
2
Sjr
2
JustRimmey
2
Matthew J. Hobbs
2
Terry L.
2
JJdaPanda
1
Heavy Metal Zebra
1
N2N0
1
rena :)
1
Marina
1"
10,happy birthday to youuuu,songs from the year you were born !! (maybe even the same month if you wanna deep dive that far),Dirty Diana,Michael Jackson,Number One,15,8,11th,Tatami,,"JJdaPanda
2
Heavy Metal Zebra
2
HippyHippyShake
2
Duncan Moreland
Michael Jackson the experience dancing game
2
rena :)
2
JacAttac
2
Terry L.
2
Sjr
1"
10,happy birthday to youuuu,songs from the year you were born !! (maybe even the same month if you wanna deep dive that far),Where Is The Love?,Black Eyed Peas,Elephunk,13,8,12th,JJdaPanda,2003,"Matthew J. Hobbs
3
N2N0
2
rena :)
2
JacAttac
2
Heavy Metal Zebra
1
Tatami
1
Sjr
1
Duncan Moreland
1"
10,happy birthday to youuuu,songs from the year you were born !! (maybe even the same month if you wanna deep dive that far),Born to Run,Bruce Springsteen,Born To Ru,12,8,13th,Terry L.,1975,"N2N0
3
Matthew J. Hobbs
3
JJdaPanda
1
Heavy Metal Zebra
1
Tatami
1
Sjr
1
JacAttac
1
Marina
1"
10,happy birthday to youuuu,songs from the year you were born !! (maybe even the same month if you wanna deep dive that far),505,Arctic Monkeys,Favourite Worst Nightmare (Standard Versi,10,7,14th,Duncan Moreland,,"N2N0
2
JacAttac
2
Marina
2
JJdaPanda
1
Tatami
1
Sjr
1
ThenerB
1"
10,happy birthday to youuuu,songs from the year you were born !! (maybe even the same month if you wanna deep dive that far),Lambada - Original Version 1989,Kaoma,Lambada - Les originaux No. 1 de l'été (Original 1989,8,6,15th,Heavy Metal Zebra,,"Duncan Moreland
2
Marina
2
JJdaPanda
1
Tatami
1
Sjr
1
ThenerB
1"
10,happy birthday to youuuu,songs from the year you were born !! (maybe even the same month if you wanna deep dive that far),"So Fresh, So Clean",Outkast,Stankonia,24 0,11,16th,EJ Gunter,Did not vote,"HippyHippyShake
6
JustRimmey
3
Marina
3
Tatami
2
Duncan Moreland
2
ThenerB
2
Mooly
2
JJdaPanda
1
Heavy Metal Zebra
1
Sjr
1
JacAttac
1"
10,happy birthday to youuuu,songs from the year you were born !! (maybe even the same month if you wanna deep dive that far),We Built This City,Starship,Knee Deep In The Hoopla,19 0,11,17th,Kate Booth,Did not vote,"#1 the day I was born 😃
Terry L.
3
JJdaPanda
2
Heavy Metal Zebra
2
Sjr
2
ThenerB
2
JustRimmey
2
Matthew J. Hobbs
2
Tatami
1
N2N0
1
Duncan Moreland
1
JacAttac
1""
https://app.musicleague.com/l/fe4049a5bec34a9892e2fd5135a35ad3/33e1aa10943b48f29efad83a0fd600ae/,""OPEN"
9,gone solo,favorite song from an artist who started in a band but have since had a solo career,Edge of Seventeen,Stevie Nicks,Crystal Visions...The Very Best of Stevie Nick,48,16,1st,Dina B,,"Marina
6
Mooly
5
HippyHippyShake
5
EJ Gunter
Valid choice🤞🏾
5
Matthew J. Hobbs
5
N2N0
4
Kate Booth
3
Terry L.
3
rena :)
3
Heavy Metal Zebra
2
Tatami
2
JJdaPanda
1
Sjr
1
Duncan Moreland
1
ThenerB
Well played 
1
JustRimmey
1"
9,gone solo,favorite song from an artist who started in a band but have since had a solo career,Crazy Train,Ozzy Osbourne,Blizzard Of Ozz (40th Anniversary Expanded Editi,35,15,2nd,Matthew J. Hobbs,,"rena :)
6
Duncan Moreland
4
Heavy Metal Zebra
4
Dina B
3
Terry L.
3
Sjr
2
Tatami
2
EJ Gunter
2
Marina
2
Mooly
2
JJdaPanda
1
Kate Booth
1
JustRimmey
1
ThenerB
1
N2N0
1"
9,gone solo,favorite song from an artist who started in a band but have since had a solo career,Doo Wop (That Thing),Ms. Lauryn Hill,The Miseducation of Lauryn Hill,35,15,3rd,Kate Booth,,"HippyHippyShake
5
Matthew J. Hobbs
4
EJ Gunter
4
JustRimmey
3
Sjr
3
ThenerB
Omg The Fugees, didn’t even think about it! Great pick 
3
Terry L.
2
Tatami
2
Dina B
2
Marina
2
JJdaPanda
1
Heavy Metal Zebra
1
rena :)
1
N2N0
1
Duncan Moreland
1"
9,gone solo,favorite song from an artist who started in a band but have since had a solo career,In The Air Tonight - 2015 Remastered,Phil Collins,Face Value (Deluxe Edit,33,14,4th,JustRimmey,Started in Genesis,"Heavy Metal Zebra
5
Mooly
5
Matthew J. Hobbs
4
Terry L.
3
N2N0
3
EJ Gunter
3
Tatami
2
Kate Booth
2
JJdaPanda
1
rena :)
1
ThenerB
1
Duncan Moreland
1
Dina B
1
Sjr
1"
9,gone solo,favorite song from an artist who started in a band but have since had a solo career,Them Changes,Thundercat,Drunk,28,12,5th,Tatami,,"Marina
5
Kate Booth
4
HippyHippyShake
3
Duncan Moreland
3
EJ Gunter
3
Dina B
2
JustRimmey
2
Mooly
2
JJdaPanda
1
Heavy Metal Zebra
1
Sjr
1
ThenerB
Cool!
1"
9,gone solo,favorite song from an artist who started in a band but have since had a solo career,Sledgehammer - 2012 Remaster,Peter Gabriel,So (25th Anniversary Deluxe Editi,28,12,6th,N2N0,,"Mooly
5
Kate Booth
3
Heavy Metal Zebra
3
JustRimmey
God those horns are glorious!!
3
Terry L.
3
Tatami
2
Sjr
2
Duncan Moreland
2
Matthew J. Hobbs
2
JJdaPanda
1
Dina B
1
ThenerB
1"
9,gone solo,favorite song from an artist who started in a band but have since had a solo career,Beat It,Michael Jackson,Thriller,27,12,7th,Sjr,,"Heavy Metal Zebra
4
Duncan Moreland
4
HippyHippyShake
3
Matthew J. Hobbs
3
Terry L.
3
Tatami
2
Mooly
2
EJ Gunter
2
JJdaPanda
1
Dina B
1
ThenerB
Didn’t even think of MJ, well played 
1
Marina
1"
9,gone solo,favorite song from an artist who started in a band but have since had a solo career,SexyBack (feat. Timbaland),Justin Timberlake,FutureSex/LoveSound,24,13,8th,Duncan Moreland,,"rena :)
4
Tatami
4
EJ Gunter
3
Marina
2
N2N0
2
JustRimmey
2
Kate Booth
1
JJdaPanda
1
Heavy Metal Zebra
1
Terry L.
1
Sjr
1
ThenerB
1
Dina B
1"
9,gone solo,favorite song from an artist who started in a band but have since had a solo career,The Heart Of The Matter,Don Henley,The End Of The Innocence,23,11,9th,Terry L.,From the band The Eagles,"N2N0
4
Matthew J. Hobbs
4
Dina B
3
Heavy Metal Zebra
2
Sjr
2
rena :)
2
JustRimmey
2
JJdaPanda
1
Tatami
1
Duncan Moreland
1
ThenerB
1"
9,gone solo,favorite song from an artist who started in a band but have since had a solo career,APT.,ROSÉ,rosie,21,9,10th,ThenerB,,"HippyHippyShake
5
JJdaPanda
4
Mooly
3
Tatami
2
JustRimmey
2
Marina
2
Sjr
1
Dina B
1
Matthew J. Hobbs
1"
9,gone solo,favorite song from an artist who started in a band but have since had a solo career,Twist Of Cain,Danzig,Danzi,17,8,11th,Mooly,Previously of the Misfits,"Kate Booth
5
JustRimmey
4
Duncan Moreland
3
JJdaPanda
1
Heavy Metal Zebra
1
Sjr
1
Dina B
1
ThenerB
1"
9,gone solo,favorite song from an artist who started in a band but have since had a solo career,Beautiful Dangerous (feat. Fergie),Slash,Slash (Special Editi,16,10,12th,Heavy Metal Zebra,,"Duncan Moreland
3
Terry L.
3
Dina B
2
rena :)
2
JJdaPanda
1
Sjr
1
N2N0
1
ThenerB
Point for the twofer
1
JustRimmey
1
Marina
1"
9,gone solo,favorite song from an artist who started in a band but have since had a solo career,Slow Hands,Niall Horan,Flicker (Deluxe,16,8,13th,rena :),,"HippyHippyShake
3
Sjr
3
N2N0
3
Kate Booth
2
JJdaPanda
2
Tatami
1
Dina B
1
ThenerB
1"
9,gone solo,favorite song from an artist who started in a band but have since had a solo career,like JENNIE,JENNIE,Rub,13,6,14th,HippyHippyShake,Try not to dance challenge lvl Impossible,"JJdaPanda
3
Marina
3
Tatami
2
ThenerB
Great minds think alike - BLACKPINK in your area!
2
JustRimmey
2
Dina B
1
Duncan Moreland
Fr?"
9,gone solo,favorite song from an artist who started in a band but have since had a solo career,PILLOWTALK,ZAYN,Mind Of Mine (Deluxe Editi,11,7,15th,EJ Gunter,,"rena :)
3
Kate Booth
2
N2N0
2
JJdaPanda
1
Sjr
1
Dina B
1
ThenerB
1"
9,gone solo,favorite song from an artist who started in a band but have since had a solo career,mirror,Moon Byul,Dark Side of the,7,6,16th,Marina,Moon Byul is a former member of K-pop group MAMAMOO,"ThenerB
Love MAMAMOO and more kpop on here!
2
JJdaPanda
1
Tatami
1
Sjr
1
Dina B
1
JustRimmey
1"
9,gone solo,favorite song from an artist who started in a band but have since had a solo career,Born With a Broken Heart,Damiano David,FUNNY little FEARS,6,5,17th,JJdaPanda,,"Sjr
2
Kate Booth
1
Tatami
1
Dina B
1
ThenerB
Nice!
1"
9,gone solo,favorite song from an artist who started in a band but have since had a solo career,Adore You,Harry Styles,Fine Line,20 0,10,18th,JacAttac,Did not vote,"ThenerB
Harry was my first pick, beat me to it 💛
4
N2N0
3
Terry L.
3
JJdaPanda
2
rena :)
2
EJ Gunter
2
Sjr
1
Duncan Moreland
1
Dina B
1
Matthew J. Hobbs
1""
https://app.musicleague.com/l/fe4049a5bec34a9892e2fd5135a35ad3/5bd2afdcac554efeb2351d1012e3b9ee/,""OPEN"
8,title containing punctuation,EX : when did you get hot ? sabrina carpenter,Where Is My Mind?,Pixies,Death to the Pixie,41,12,1st,Kate Booth,,"Mooly
7
Heavy Metal Zebra
5
Matthew J. Hobbs
5
HippyHippyShake
4
Marina
4
N2N0
3
Duncan Moreland
3
ThenerB
Forgot about this song 👍👍
3
JustRimmey
3
Sjr
2
JJdaPanda
1
JacAttac
1"
8,title containing punctuation,EX : when did you get hot ? sabrina carpenter,bad idea right?,Olivia Rodrigo,GUTS,37,12,2nd,JJdaPanda,,"HippyHippyShake
6
Duncan Moreland
4
JacAttac
4
Terry L.
4
Marina
4
Heavy Metal Zebra
3
N2N0
3
Kate Booth
2
ThenerB
Felt lol
2
JustRimmey
2
Matthew J. Hobbs
2
Sjr
1"
8,title containing punctuation,EX : when did you get hot ? sabrina carpenter,Hey Ya!,Outkast,Speakerboxxx/The Love Below,36,13,3rd,Duncan Moreland,,"HippyHippyShake
6
Heavy Metal Zebra
5
Kate Booth
4
JacAttac
4
Matthew J. Hobbs
4
N2N0
3
Terry L.
2
ThenerB
2
JustRimmey
2
JJdaPanda
1
Mooly
1
Marina
1
Sjr
1"
8,title containing punctuation,EX : when did you get hot ? sabrina carpenter,Da Ya Think I'm Sexy?,Rod Stewart,Blondes Have More Fu,29,12,4th,Terry L.,,"Mooly
8
Kate Booth
4
Heavy Metal Zebra
3
ThenerB
Nice throwback 
3
Sjr
2
JustRimmey
2
Matthew J. Hobbs
2
JJdaPanda
1
N2N0
1
Duncan Moreland
1
JacAttac
1
Marina
1"
8,title containing punctuation,EX : when did you get hot ? sabrina carpenter,Ain't It Fun,Paramore,Paramore (Deluxe Editi,26,11,5th,HippyHippyShake,Forever a Hayley Williams fan,"JustRimmey
4
Terry L.
4
Kate Booth
3
Heavy Metal Zebra
3
N2N0
3
Duncan Moreland
3
Sjr
2
JJdaPanda
1
ThenerB
I can’t not give a vote for this song 
1
Matthew J. Hobbs
1
Marina
1"
8,title containing punctuation,EX : when did you get hot ? sabrina carpenter,HOT TO GO!,Chappell Roan,The Rise and Fall of a Midwest Prince,25,10,6th,Mooly,,"Marina
6
Terry L.
4
JacAttac
3
Matthew J. Hobbs
3
N2N0
2
Duncan Moreland
2
JustRimmey
2
JJdaPanda
1
Sjr
1
ThenerB
1"
8,title containing punctuation,EX : when did you get hot ? sabrina carpenter,Why'd You Only Call Me When You're High?,Arctic Monkeys,A,23,10,7th,N2N0,,"JacAttac
4
Mooly
4
Duncan Moreland
3
Marina
3
Sjr
2
ThenerB
Classic
2
JustRimmey
2
JJdaPanda
1
Matthew J. Hobbs
1
Terry L.
1"
8,title containing punctuation,EX : when did you get hot ? sabrina carpenter,WHERE IS MY HUSBAND!,RAYE,WHERE IS MY HUSBAND!,23,9,8th,JacAttac,,"JJdaPanda
5
Duncan Moreland
4
Terry L.
3
Marina
3
Heavy Metal Zebra
2
Sjr
2
N2N0
2
ThenerB
1
Matthew J. Hobbs
1"
8,title containing punctuation,EX : when did you get hot ? sabrina carpenter,"What's So Funny 'Bout) Peace, Love And Understanding",Elvis Costello & The Attractions,Armed Forces (Super Deluxe Editi,21,11,9th,Matthew J. Hobbs,Parentheses-Apostrophe-Commas," Take your pick
Kate Booth
4
Sjr
3
Heavy Metal Zebra
2
HippyHippyShake
2
JustRimmey
2
Mooly
2
Terry L.
2
JJdaPanda
1
N2N0
1
ThenerB
1
JacAttac
1"
8,title containing punctuation,EX : when did you get hot ? sabrina carpenter,SPOT!,ZICO,SPOT!,18,11,10th,ThenerB,,"JJdaPanda
4
N2N0
3
Duncan Moreland
2
Mooly
2
Kate Booth
1
Sjr
1
JustRimmey
1
JacAttac
1
Matthew J. Hobbs
1
Terry L.
1
Marina
1"
8,title containing punctuation,EX : when did you get hot ? sabrina carpenter,Injustice System!,Sick Of It All,Nonstop,17,10,11th,Heavy Metal Zebra,,"HippyHippyShake
4
Kate Booth
3
Sjr
2
JustRimmey
2
JJdaPanda
1
N2N0
1
Duncan Moreland
1
ThenerB
1
JacAttac
1
Matthew J. Hobbs
1"
8,title containing punctuation,EX : when did you get hot ? sabrina carpenter,Bang!,AJR,OK ORCHESTRA,16,8,12th,Sjr,,"JJdaPanda
5
ThenerB
Love this song, underrated 
3
JacAttac
2
Terry L.
2
Kate Booth
1
HippyHippyShake
1
N2N0
1
Matthew J. Hobbs
1"
8,title containing punctuation,EX : when did you get hot ? sabrina carpenter,icarus?,serin oh,icarus?,15,11,13th,Marina,,"Kate Booth
2
Sjr
2
ThenerB
Never heard it but like it
*also reminds me of Super Cool from the 2nd Lego movie and I can’t I hear it 
2
JustRimmey
2
JJdaPanda
1
Heavy Metal Zebra
1
N2N0
1
Duncan Moreland
1
JacAttac
1
Matthew J. Hobbs
1
Terry L.
1"
8,title containing punctuation,EX : when did you get hot ? sabrina carpenter,Oxford Comma,Vampire Weekend,Vampire Weekend,9,6,14th,JustRimmey,The name being a style of a comma has to work right?,"Sjr
3
ThenerB
Normally I would not count this but appreciate the creativity and give a f*ck about an Oxford comma (and I love this song so much lol) 
2
JJdaPanda
1
HippyHippyShake
1
JacAttac
1
Matthew J. Hobbs
1""
https://app.musicleague.com/l/fe4049a5bec34a9892e2fd5135a35ad3/9f17eca5e0634b01972f4ae343ed6b85/,""OPEN"
7,MOVIE CHECCKKKKK,song from your favorite movie / favorite movie soundtrack,I'll Make a Man Out of You,Donny Osmond,Mulan (Original Soundtrack,50,14,1st,Tatami,,"Mooly
6
HippyHippyShake
6
Heavy Metal Zebra
5
ThenerB
Pops in my head at least once a month, and sung as dramatically as ever every time 
5
N2N0
5
JJdaPanda
4
EJ Gunter
4
rena :)
YESSSS MY 2nd FAV DISNEY MOVIEEEE !! mulan needs more recognition !!!!!!
4
Terry L.
3
Duncan Moreland
3
Marina
2
Sjr
1
Dina B
1
JustRimmey
1"
7,MOVIE CHECCKKKKK,song from your favorite movie / favorite movie soundtrack,Decode - Twilight Soundtrack Version,Paramore,Brand New Eye,36,12,2nd,Dina B,,"Marina
9
rena :)
7
Duncan Moreland
5
Terry L.
3
EJ Gunter
3
ThenerB
2
JustRimmey
2
JJdaPanda
1
Tatami
1
Sjr
1
N2N0
1
Matthew J. Hobbs
1"
7,MOVIE CHECCKKKKK,song from your favorite movie / favorite movie soundtrack,You're The Best,"Joe """"Bean"""" Esposito",The Karate Kid: The Original Motion Picture Soundtrack,32,12,3rd,Terry L.,,"Heavy Metal Zebra
5
JustRimmey
5
Mooly
5
Matthew J. Hobbs
4
rena :)
3
Dina B
2
ThenerB
2
Marina
2
JJdaPanda
1
Tatami
1
Sjr
1
Duncan Moreland
1"
7,MOVIE CHECCKKKKK,song from your favorite movie / favorite movie soundtrack,Somebody Kill Me,Adam Sandler,The Wedding Singer (Music From The Motion Picture,30,13,4th,Matthew J. Hobbs,So it’s not my favorite. ,"But it’s a gem of a song. 
HippyHippyShake
6
Mooly
5
JustRimmey
3
Terry L.
3
Dina B
3
Tatami
2
Sjr
2
JJdaPanda
1
Heavy Metal Zebra
1
rena :)
1
Duncan Moreland
1
EJ Gunter
1
ThenerB
1"
7,MOVIE CHECCKKKKK,song from your favorite movie / favorite movie soundtrack,Everybody Needs Somebody to Love,The Blues Brothers,The Blues Brothers Original Motion Picture Soundtrack,29,12,5th,Heavy Metal Zebra,,"N2N0
5
rena :)
3
JustRimmey
3
EJ Gunter
3
Tatami
2
Sjr
2
Duncan Moreland
2
Dina B
2
ThenerB
Classic 
2
Matthew J. Hobbs
2
Marina
2
JJdaPanda
1"
7,MOVIE CHECCKKKKK,song from your favorite movie / favorite movie soundtrack,Immigrant Song,Trent Reznor and Atticus Ross,The Girl With the Dragon Tatt,27,11,6th,Marina,,"Mooly
6
EJ Gunter
5
Sjr
3
Duncan Moreland
3
N2N0
2
Dina B
2
JustRimmey
2
JJdaPanda
1
Heavy Metal Zebra
1
Tatami
1
Matthew J. Hobbs
1"
7,MOVIE CHECCKKKKK,song from your favorite movie / favorite movie soundtrack,I Won't Say (I'm In Love),Susan Egan,Hercules (Original Motion Picture Soundtrack,22,10,7th,EJ Gunter,,"HippyHippyShake
6
Heavy Metal Zebra
3
rena :)
soooo iconic ⭐️
3
JJdaPanda
2
Tatami
2
N2N0
2
Sjr
1
Duncan Moreland
1
ThenerB
Nice 
1
JustRimmey
1"
7,MOVIE CHECCKKKKK,song from your favorite movie / favorite movie soundtrack,See You Again (feat. Charlie Puth),Wiz Khalifa,See You Again (feat. Charlie Puth,21,10,8th,HippyHippyShake,,"EJ Gunter
4
JJdaPanda
3
Sjr
3
Matthew J. Hobbs
3
Tatami
2
Dina B
2
Heavy Metal Zebra
1
Duncan Moreland
1
ThenerB
1
Terry L.
1"
7,MOVIE CHECCKKKKK,song from your favorite movie / favorite movie soundtrack,Your Idol,Saja Boys,KPop Demon Hunters (Soundtrack from the Netflix Film,21,8,9th,ThenerB,"Sorry, not sorry ","Tatami
4
JJdaPanda
3
HippyHippyShake
3
N2N0
3
EJ Gunter
3
Heavy Metal Zebra
2
Dina B
2
Sjr
1"
7,MOVIE CHECCKKKKK,song from your favorite movie / favorite movie soundtrack,Snakes on a Plane (Bring It),Cobra Starship,Snakes On A Plane: The Album (Original Motion Picture Soundtrack,19,11,10th,JustRimmey,,"HippyHippyShake
3
Duncan Moreland
3
ThenerB
Forgot about this song 🤣 nice
3
Dina B
2
Terry L.
2
JJdaPanda
1
Heavy Metal Zebra
1
Tatami
1
Sjr
1
N2N0
1
EJ Gunter
1"
7,MOVIE CHECCKKKKK,song from your favorite movie / favorite movie soundtrack,Goodbye Horses - Single,Q Lazzarus,Goodbye Horses - Single,18,10,11th,Mooly,The Silence of the Lambs. Iconic,"Matthew J. Hobbs
4
JustRimmey
3
Sjr
2
N2N0
2
Dina B
2
JJdaPanda
1
Tatami
1
Duncan Moreland
1
ThenerB
1
Marina
1"
7,MOVIE CHECCKKKKK,song from your favorite movie / favorite movie soundtrack,"She's Like the Wind (feat. Wendy Fraser) - From """"Dirty Dancing"""" Soundtrack",Patrick Swayze,Dirty Dancing (Original Motion Picture Soundtrack,18,9,12th,rena :),my favorite movie of all time 🥹,"Terry L.
5
Heavy Metal Zebra
3
Sjr
2
JustRimmey
2
Matthew J. Hobbs
2
JJdaPanda
1
Tatami
1
Dina B
1
ThenerB
1"
7,MOVIE CHECCKKKKK,song from your favorite movie / favorite movie soundtrack,Boom Clap - From the Motion Picture Das Schicksal ist ein mieser Verräter,Charli xcx,The Fault In Our Stars: Music From The Motion Picture,18,8,13th,N2N0,The soundtrack to this movie was so amazing. Like more than I ever expected.,"Terry L.
4
Marina
4
Matthew J. Hobbs
3
JJdaPanda
2
Tatami
2
Sjr
1
Duncan Moreland
1
JustRimmey
1"
7,MOVIE CHECCKKKKK,song from your favorite movie / favorite movie soundtrack,Suddenly I See,KT Tunstall,Eye To The Telescope,17,10,14th,Sjr,The Devil Wears Prada,"N2N0
3
Marina
3
Duncan Moreland
Just rewatched this
2
Matthew J. Hobbs
2
Terry L.
2
JJdaPanda
1
Heavy Metal Zebra
1
Tatami
1
ThenerB
1
JustRimmey
1"
7,MOVIE CHECCKKKKK,song from your favorite movie / favorite movie soundtrack,"Love Is an Open Door - From """"Frozen""""/Soundtrack Version",Kristen Bell,Frozen (Original Motion Picture Soundtrack / Deluxe Editi,15,7,15th,JJdaPanda,,"Dina B
3
ThenerB
Such a great soundtrack and I appreciate you choosing this song
3
rena :)
3
Tatami
2
Matthew J. Hobbs
2
Sjr
1
Terry L.
1"
7,MOVIE CHECCKKKKK,song from your favorite movie / favorite movie soundtrack,Adagio For TRON,Daft Punk,TRON: Legacy - The Complete Edition (Original Motion Picture Soundtrack,11,8,16th,Duncan Moreland,,"Sjr
2
Dina B
2
Mooly
2
JJdaPanda
1
Heavy Metal Zebra
1
Tatami
1
ThenerB
1
Marina
1""
https://app.musicleague.com/l/fe4049a5bec34a9892e2fd5135a35ad3/4fd6fe075c7e4724b552f26ce8bee94c/,""OPEN"
6,childhood JAM,any song that brings extreme nostalgia and takes you right back to the good ole days,The Real Slim Shady,Eminem,The Marshall Mathers LP,41,14,1st,Heavy Metal Zebra,,"HippyHippyShake
6
Marina
6
Sjr
3
Tatami
3
Mooly
3
EJ Gunter
3
ThenerB
Omg I remember sneaking after my bedtime to try and capture this on my tape recorder bc the local radio station wouldn’t play it until after 9p 🤣 
3
JJdaPanda
2
Terry L.
2
Matthew J. Hobbs
2
JustRimmey
2
N2N0
2
Duncan Moreland
2
Dina B
2"
6,childhood JAM,any song that brings extreme nostalgia and takes you right back to the good ole days,Everybody (Backstreet's Back) - Extended Version,Backstreet Boys,Backstreet B,37,14,2nd,Sjr,,"HippyHippyShake
6
Marina
6
Heavy Metal Zebra
4
Mooly
3
Terry L.
3
ThenerB
😍
3
JJdaPanda
2
EJ Gunter
2
Matthew J. Hobbs
2
Dina B
2
Tatami
1
N2N0
1
Duncan Moreland
1
JustRimmey
1"
6,childhood JAM,any song that brings extreme nostalgia and takes you right back to the good ole days,Wannabe,Spice Girls,Spice,35,14,3rd,Dina B,,"HippyHippyShake
4
N2N0
3
ThenerB
🤩
3
Matthew J. Hobbs
3
EJ Gunter
3
Heavy Metal Zebra
3
Tatami
2
JJdaPanda
2
Duncan Moreland
2
JustRimmey
2
Mooly
2
Terry L.
2
Marina
2
Sjr
2"
6,childhood JAM,any song that brings extreme nostalgia and takes you right back to the good ole days,Who Am I (What’s My Name)?,Snoop Dogg,Doggystyle,27,11,4th,Tatami,,"HippyHippyShake
6
Duncan Moreland
3
JustRimmey
3
Mooly
3
EJ Gunter
3
Dina B
2
ThenerB
2
Terry L.
2
JJdaPanda
1
Heavy Metal Zebra
1
Sjr
1"
6,childhood JAM,any song that brings extreme nostalgia and takes you right back to the good ole days,Straight Up,Paula Abdul,Forever Your Girl,25,12,5th,HippyHippyShake,I remember being obsessed with Paula Abdul in elementary school and can remember pieces of a dance my friends and I did to this song from my fourth grade talent show. ,"N2N0
4
Dina B
3
Matthew J. Hobbs
3
Heavy Metal Zebra
2
Tatami
2
Duncan Moreland
2
ThenerB
2
JustRimmey
2
Terry L.
2
JJdaPanda
1
Sjr
1
Mooly
1"
6,childhood JAM,any song that brings extreme nostalgia and takes you right back to the good ole days,Amber,311,From Cha,24,10,6th,ThenerB,"Since this round happened to fall on 311 day, had to","Tatami
5
Mooly
Always liked this song; bonus point because it was on the radio when my husband proposed and we always laugh about it ♥️
5
Marina
4
HippyHippyShake
2
Sjr
2
Dina B
2
JJdaPanda
1
Duncan Moreland
1
JustRimmey
1
Terry L.
1"
6,childhood JAM,any song that brings extreme nostalgia and takes you right back to the good ole days,Just Can't Get Enough,Depeche Mode,Speak and Spell (Deluxe,17,10,7th,Matthew J. Hobbs,"The 80s were an awesome time to grow up, and we had the best soundtrack. ","JustRimmey
4
Heavy Metal Zebra
2
N2N0
2
Dina B
2
Terry L.
2
JJdaPanda
1
Sjr
1
Duncan Moreland
1
ThenerB
1
Marina
1"
6,childhood JAM,any song that brings extreme nostalgia and takes you right back to the good ole days,Particle Man,They Might Be Giants,Flood,17,8,8th,JustRimmey,"TMBG was the soundtrack of my childhood, especially when they were on Tiny Toon Adventures!","Matthew J. Hobbs
Flood was such a great album overall. 
5
Duncan Moreland
3
Dina B
3
N2N0
2
JJdaPanda
1
Tatami
1
Sjr
1
Mooly
1"
6,childhood JAM,any song that brings extreme nostalgia and takes you right back to the good ole days,Shake It,Metro Station,Metro Stati,15,9,9th,EJ Gunter,,"Tatami
2
N2N0
2
Dina B
2
ThenerB
2
JustRimmey
2
Terry L.
2
JJdaPanda
1
Sjr
1
Duncan Moreland
1"
6,childhood JAM,any song that brings extreme nostalgia and takes you right back to the good ole days,Last Friday Night (T.G.I.F.),Katy Perry,Teenage Dream,15,8,10th,Duncan Moreland,"Remember, don’t mine at night","JJdaPanda
3
EJ Gunter
3
Tatami
2
N2N0
2
Terry L.
2
Sjr
1
ThenerB
1
JustRimmey
1"
6,childhood JAM,any song that brings extreme nostalgia and takes you right back to the good ole days,Drops of Jupiter (Tell Me),Train,Drops Of Jupiter,15,8,10th,N2N0,,"Heavy Metal Zebra
3
Sjr
3
Dina B
2
Terry L.
2
EJ Gunter
2
JJdaPanda
1
Tatami
1
JustRimmey
1"
6,childhood JAM,any song that brings extreme nostalgia and takes you right back to the good ole days,Hysteria,Def Leppard,Hysteria,14,9,12th,Terry L.,Was 12 years old when this album came out,"Matthew J. Hobbs
Loved this album!
5
Dina B
2
JJdaPanda
1
Tatami
1
Sjr
1
Duncan Moreland
1
JustRimmey
1
Mooly
1
EJ Gunter
1"
6,childhood JAM,any song that brings extreme nostalgia and takes you right back to the good ole days,Ripped Pants,Spongebob Squarepants,SpongeBob's Greatest Hit,11,7,13th,Marina,,"JJdaPanda
2
Heavy Metal Zebra
2
Mooly
2
EJ Gunter
2
Sjr
1
Duncan Moreland
1
Matthew J. Hobbs
1"
6,childhood JAM,any song that brings extreme nostalgia and takes you right back to the good ole days,He Could Be the One,Hannah Montana,Hannah Montana 3,10,6,14th,JJdaPanda,,"N2N0
3
ThenerB
2
EJ Gunter
2
Sjr
1
Duncan Moreland
1
JustRimmey
1"
6,childhood JAM,any song that brings extreme nostalgia and takes you right back to the good ole days,Hey Sandy,Polaris,Music From The Adventures Of Pete & Pete,9,6,15th,Mooly,,"Heavy Metal Zebra
3
Duncan Moreland
2
JJdaPanda
1
Tatami
1
Sjr
1
ThenerB
1"
6,childhood JAM,any song that brings extreme nostalgia and takes you right back to the good ole days,Oops!...I Did It Again,Britney Spears,Oops!... I Did It Agai,35 0,14,16th,JacAttac,Did not vote,"First song I remember hearing on the radio
Marina
5
Terry L.
4
N2N0
3
Sjr
3
EJ Gunter
3
ThenerB
💛
3
JJdaPanda
2
Heavy Metal Zebra
2
Tatami
2
Mooly
2
Duncan Moreland
2
JustRimmey
2
Matthew J. Hobbs
1
Dina B
1"
6,childhood JAM,any song that brings extreme nostalgia and takes you right back to the good ole days,Part of Your World,Jodi Benson,The Little Mermaid Special Editi,13 0,10,17th,Kate Booth,Did not vote,"Gave up her entire family AND this voice for a dude she met once while he was concussed… I mean, we’ve all done it! 
JJdaPanda
2
Heavy Metal Zebra
2
Matthew J. Hobbs
2
Tatami
1
Sjr
1
Duncan Moreland
1
Dina B
1
ThenerB
1
JustRimmey
1
Mooly
1""
https://app.musicleague.com/l/fe4049a5bec34a9892e2fd5135a35ad3/f4b9217737f44aadb8b52531d3495a36/,""OPEN"
5,title containing a body part,✋🩷👄🦶💪,Poker Face,Lady Gaga,The Fame,38,14,1st,JustRimmey,,"JJdaPanda
8
rena :)
5
Duncan Moreland
4
Marina
3
Sjr
2
N2N0
2
Dina B
2
Kate Booth
2
Terry L.
2
EJ Gunter
2
Heavy Metal Zebra
2
Matthew J. Hobbs
2
ThenerB
1
Tatami
1
JustRimmey
Would I pick this song, no! Did my son, yep!"
5,title containing a body part,✋🩷👄🦶💪,Baby Got Back,Sir Mix-A-Lot,Mack Dadd,37,14,2nd,ThenerB,,"HippyHippyShake
5
EJ Gunter
5
Matthew J. Hobbs
4
Heavy Metal Zebra
3
Dina B
3
Marina
2
Kate Booth
2
N2N0
2
Duncan Moreland
2
JustRimmey
Can't ignore this banger of a classic!
2
Terry L.
2
JJdaPanda
2
Tatami
2
Sjr
1"
5,title containing a body part,✋🩷👄🦶💪,Heart Of Glass,Blondie,Parallel Line,35,15,3rd,HippyHippyShake,I don’t know how anyone could NOT love this song ,"rena :)
5
Matthew J. Hobbs
4
Marina
3
Kate Booth
3
EJ Gunter
3
Dina B
3
N2N0
3
Terry L.
2
Heavy Metal Zebra
2
Sjr
2
JJdaPanda
1
Tatami
1
JustRimmey
I agree!
1
Duncan Moreland
1
ThenerB
1"
5,title containing a body part,✋🩷👄🦶💪,Groove Is in the Heart,Deee-Lite,World Clique,34,14,4th,Kate Booth,,"HippyHippyShake
5
ThenerB
Love this song so much
5
Matthew J. Hobbs
4
JustRimmey
I WILL DESK DANCE TO THIS SUCKER ALL DAY!!!!
3
Marina
2
N2N0
2
Dina B
2
rena :)
2
Terry L.
2
Tatami
2
Sjr
2
JJdaPanda
1
Heavy Metal Zebra
1
Duncan Moreland
1"
5,title containing a body part,✋🩷👄🦶💪,I Just) Died In Your Arms,Cutting Crew,Broadcast,34,14,5th,N2N0,,"Heavy Metal Zebra
4
HippyHippyShake
3
EJ Gunter
3
Duncan Moreland
3
Kate Booth
3
rena :)
3
Terry L.
3
Sjr
2
ThenerB
2
JJdaPanda
2
Matthew J. Hobbs
2
Dina B
2
JustRimmey
From the opening synth, this earworm will get stuck for a while!
1
Tatami
1"
5,title containing a body part,✋🩷👄🦶💪,Hand in My Pocket - 2015 Remaster,Alanis Morissette,Jagged Little Pill (2015 Remaster,33,14,6th,Terry L.,,"Marina
5
HippyHippyShake
4
N2N0
3
ThenerB
Excellent choice
3
Kate Booth
3
Sjr
2
Heavy Metal Zebra
2
Dina B
2
JustRimmey
Can't say no to God herself!
2
Matthew J. Hobbs
2
rena :)
2
JJdaPanda
1
Duncan Moreland
1
Tatami
1"
5,title containing a body part,✋🩷👄🦶💪,Heart-Shaped Box,Nirvana,In Utero (Deluxe Editi,27,14,7th,Duncan Moreland,,"Sjr
3
rena :)
3
Tatami
3
EJ Gunter
3
Dina B
2
Kate Booth
2
Terry L.
2
N2N0
2
ThenerB
2
Matthew J. Hobbs
1
JJdaPanda
1
Heavy Metal Zebra
1
JustRimmey
I feel like I am the worst fan of alternative and rock-aligned genres, for not liking nirvana as much as I stereotypically should
1
Marina
1"
5,title containing a body part,✋🩷👄🦶💪,Eye of the Tiger,Survivor,Rocky IV,23,11,8th,JJdaPanda,,"N2N0
4
Heavy Metal Zebra
3
Dina B
3
EJ Gunter
3
Sjr
2
Duncan Moreland
2
rena :)
2
Kate Booth
1
Tatami
1
ThenerB
1
Matthew J. Hobbs
1"
5,title containing a body part,✋🩷👄🦶💪,Bette Davis Eyes,Kim Carnes,Mistaken Identit,18,12,9th,Matthew J. Hobbs,,"Terry L.
3
HippyHippyShake
2
Sjr
2
N2N0
2
rena :)
2
Kate Booth
1
JJdaPanda
1
Heavy Metal Zebra
1
Tatami
1
Dina B
1
ThenerB
1
JustRimmey
God, this song is always a great one! Simple and solid!
1"
5,title containing a body part,✋🩷👄🦶💪,Legs (2008 Remaster),ZZ Top,Eliminator,18,10,10th,Dina B,,"Matthew J. Hobbs
4
Heavy Metal Zebra
3
Duncan Moreland
2
Terry L.
2
EJ Gunter
2
Kate Booth
1
JJdaPanda
1
Sjr
1
N2N0
1
ThenerB
1"
5,title containing a body part,✋🩷👄🦶💪,Hand Of Blood,Bullet For My Valentine,The Poi,18,7,11th,Heavy Metal Zebra,,"JustRimmey
THIS IS MY KIND OF BANGER =-) I know that metalcore is not for everyone, but for some reason, it helps calm my neurospicyness and anxiety!
5
Marina
4
Tatami
3
Sjr
2
Duncan Moreland
2
JJdaPanda
1
ThenerB
1"
5,title containing a body part,✋🩷👄🦶💪,HandClap,Fitz and The Tantrums,Fitz and The Tantrums (Deluxe Editi,17,10,12th,Sjr,,"Dina B
3
Terry L.
3
Kate Booth
2
N2N0
2
ThenerB
Love Fitz and The Tantrums 
2
JJdaPanda
1
Heavy Metal Zebra
1
HippyHippyShake
1
Tatami
1
JustRimmey
Children ruined this song for me, it is so good!
1"
5,title containing a body part,✋🩷👄🦶💪,Airhead,Honey Revenge,Retrovisi,15,8,13th,Marina,,"JustRimmey
I am OBSESSED with Honey Revenge.  They are getting a lot of play time with South Arcade and Greywind in my normal music rotation!
4
Tatami
3
Sjr
2
Terry L.
2
JJdaPanda
1
Duncan Moreland
1
Dina B
1
ThenerB
1"
5,title containing a body part,✋🩷👄🦶💪,Out of My Head (feat. Trey Songz),Lupe Fiasco,Laser,14,8,14th,Tatami,,"EJ Gunter
3
Kate Booth
2
HippyHippyShake
2
Duncan Moreland
2
ThenerB
Lupe!
2
JJdaPanda
1
N2N0
1
JustRimmey
I vibe with this so hard!
1"
5,title containing a body part,✋🩷👄🦶💪,IN YOUR EYES,Snoh Aalegra,TEMPORARY HIGHS IN THE VIOLET SKIES,13,8,15th,EJ Gunter,,"Tatami
3
Kate Booth
2
HippyHippyShake
2
Duncan Moreland
2
JJdaPanda
1
Heavy Metal Zebra
1
ThenerB
1
JustRimmey
This was new to me, I was a big fan of the beat and the vibe!
1"
5,title containing a body part,✋🩷👄🦶💪,Lips Of An Angel,Hinder,Extreme Behavior,10,7,16th,rena :),,"Marina
4
JJdaPanda
1
Tatami
1
Sjr
1
Duncan Moreland
1
JustRimmey
I do not like this song whatsoever. My mother absolutely loved it, and I will always give it a thumbs up in her memory whenever people submit it!
1
Terry L.
1""
https://app.musicleague.com/l/fe4049a5bec34a9892e2fd5135a35ad3/a267f951890641e0ba0fbd15fb5cddb1/,""OPEN"
4,single word title,as simple as it gets,Creep,Radiohead,Pablo Hone,29,11,1st,EJ Gunter,,"JJdaPanda
6
Matthew J. Hobbs
4
Heavy Metal Zebra
3
N2N0
3
Duncan Moreland
3
Sjr
2
Dina B
2
JustRimmey
2
Mooly
2
ThenerB
1
Marina
1"
4,single word title,as simple as it gets,Jump - 2015 Remaster,Van Halen,1984 (Remastered,29,11,2nd,Dina B,,"Mooly
5
rena :)
4
Matthew J. Hobbs
4
N2N0
3
Terry L.
3
Heavy Metal Zebra
2
Sjr
2
Duncan Moreland
2
EJ Gunter
2
JJdaPanda
1
ThenerB
1"
4,single word title,as simple as it gets,Poison,Bell Biv DeVoe,Poi,29,11,3rd,Mooly,,"Duncan Moreland
4
ThenerB
Oh I love this song so much, well done
4
HippyHippyShake
3
JustRimmey
3
Matthew J. Hobbs
3
Terry L.
3
EJ Gunter
3
Sjr
2
Dina B
2
JJdaPanda
1
N2N0
1"
4,single word title,as simple as it gets,Waterfalls,TLC,Crazysexycool,28,13,4th,Terry L.,,"Mooly
4
Dina B
3
HippyHippyShake
3
Heavy Metal Zebra
3
EJ Gunter
3
N2N0
3
Matthew J. Hobbs
2
Sjr
2
JJdaPanda
1
JustRimmey
1
ThenerB
1
Marina
1
Duncan Moreland
1"
4,single word title,as simple as it gets,"Valerie - Live At BBC Radio 1 Live Lounge, London / 2007",Amy Winehouse,Back To Black (Deluxe Editi,27,12,5th,rena :),a ✨🫶🏻classic🫶🏻✨,"ThenerB
Best version hands down
4
Marina
4
N2N0
3
EJ Gunter
3
Sjr
2
Duncan Moreland
2
Dina B
2
JustRimmey
2
Matthew J. Hobbs
2
JJdaPanda
1
Heavy Metal Zebra
1
HippyHippyShake
1"
4,single word title,as simple as it gets,She,Green Day,Dookie,25,12,6th,JustRimmey,,"HippyHippyShake
5
Heavy Metal Zebra
4
Sjr
2
N2N0
2
ThenerB
💪
2
Matthew J. Hobbs
2
Mooly
2
Marina
2
JJdaPanda
1
Duncan Moreland
1
Dina B
1
Terry L.
1"
4,single word title,as simple as it gets,Fancy,Reba McEntire,"Reba McEntire's Greatest Hits, Volume Tw",24,11,7th,HippyHippyShake,,"rena :)
4
JustRimmey
4
Terry L.
4
Sjr
3
Duncan Moreland
2
Dina B
2
JJdaPanda
1
Heavy Metal Zebra
1
N2N0
1
ThenerB
1
Matthew J. Hobbs
1"
4,single word title,as simple as it gets,Santeria,Sublime,Sublime,23,12,8th,Sjr,,"rena :)
4
Mooly
3
EJ Gunter
3
HippyHippyShake
2
Duncan Moreland
2
Dina B
2
Terry L.
2
JJdaPanda
1
Heavy Metal Zebra
1
ThenerB
1
JustRimmey
1
Marina
1"
4,single word title,as simple as it gets,Complicated,Avril Lavigne,Let G,23,12,9th,N2N0,,"JJdaPanda
3
Heavy Metal Zebra
3
Marina
3
Dina B
2
rena :)
2
JustRimmey
2
Terry L.
2
EJ Gunter
2
Sjr
1
Duncan Moreland
1
ThenerB
1
Matthew J. Hobbs
1"
4,single word title,as simple as it gets,Nonsense,Sabrina Carpenter,emails i can't send,23,9,10th,JJdaPanda,,"HippyHippyShake
5
rena :)
4
Marina
4
N2N0
2
Dina B
2
JustRimmey
2
Terry L.
2
ThenerB
1
Matthew J. Hobbs
1"
4,single word title,as simple as it gets,Xanadu,Olivia Newton-John,Xanadu,12,7,11th,Matthew J. Hobbs,,"Mooly
3
N2N0
2
Terry L.
2
EJ Gunter
2
JJdaPanda
1
Heavy Metal Zebra
1
ThenerB
Nice
1"
4,single word title,as simple as it gets,Creature,LANDMVRKS,The Darkest Place I've Ever Bee,10,7,12th,Heavy Metal Zebra,,"Marina
3
JustRimmey
2
JJdaPanda
1
Sjr
1
Duncan Moreland
1
ThenerB
1
Terry L.
1"
4,single word title,as simple as it gets,Blue (feat. Captain Rock),Swervy,Undercover Angel,10,7,12th,Marina,,"Heavy Metal Zebra
3
JustRimmey
2
JJdaPanda
1
Sjr
1
Duncan Moreland
1
Matthew J. Hobbs
1
Terry L.
1"
4,single word title,as simple as it gets,uévelo,Kali Uchis,Muével,9,5,14th,Duncan Moreland,,"Marina
3
Dina B
2
ThenerB
Oh I like it!
2
JJdaPanda
1
HippyHippyShake
1"
4,single word title,as simple as it gets,Numb,Elderbrook,Numb,6,6,15th,ThenerB,This track has a hold on me like few others ,"JJdaPanda
1
Sjr
1
Duncan Moreland
1
JustRimmey
1
Mooly
1
EJ Gunter
1"
4,single word title,as simple as it gets,Landslide,Fleetwood Mac,Fleetwood Mac,32 0,12,16th,[Left the league],Did not vote,"rena :)
6
EJ Gunter
5
N2N0
4
Mooly
3
Terry L.
3
HippyHippyShake
2
Sjr
2
Dina B
2
Matthew J. Hobbs
2
JJdaPanda
1
Heavy Metal Zebra
1
Duncan Moreland
1"
4,single word title,as simple as it gets,Hypnotized (feat. Ellie Goulding),Anyma,The End Of Gene,9 0,8,17th,Tatami,Did not vote,"JustRimmey
2
JJdaPanda
1
Heavy Metal Zebra
1
HippyHippyShake
1
Sjr
1
ThenerB
👍
1
Matthew J. Hobbs
1
Mooly
1"
4,single word title,as simple as it gets,PAIN,King Princess,PAIN,12 0,7,18th,JacAttac,Did not vote,"Sjr
2
Duncan Moreland
2
Dina B
2
ThenerB
Cool
2
Marina
2
JJdaPanda
1
HippyHippyShake
1""
https://app.musicleague.com/l/fe4049a5bec34a9892e2fd5135a35ad3/137c9e8975fa4a3197f47a322f3df86d/,""OPEN"
3,title containing a number,"counting up, counting down, on cloud 9 or like 1,2,3 you can count on me , favorite song with any numerical value",I'm Gonna Be (500 Miles),The Proclaimers,Sunshine on Leith,37,14,1st,N2N0,,"JJdaPanda
10
Tatami
4
Heavy Metal Zebra
3
Terry L.
3
Sjr
3
Mooly
3
Matthew J. Hobbs
2
JustRimmey
2
rena :)
2
EJ Gunter
1
Marina
1
HippyHippyShake
1
Duncan Moreland
1
ThenerB
1"
3,title containing a number,"counting up, counting down, on cloud 9 or like 1,2,3 you can count on me , favorite song with any numerical value",6 Foot 7 Foot,Lil Wayne,Tha Carter IV (Complete Editi,32,10,2nd,Tatami,,"Mooly
6
EJ Gunter
5
Marina
5
HippyHippyShake
4
ThenerB
3
JustRimmey
3
Dina B
2
Matthew J. Hobbs
2
Sjr
1
Terry L.
1"
3,title containing a number,"counting up, counting down, on cloud 9 or like 1,2,3 you can count on me , favorite song with any numerical value",One,Metallica,…And Justice for All (Remastered,30,10,3rd,Heavy Metal Zebra,,"Duncan Moreland
5
rena :)
5
Terry L.
4
Marina
4
Sjr
3
Dina B
3
Mooly
2
EJ Gunter
2
ThenerB
1
JustRimmey
1"
3,title containing a number,"counting up, counting down, on cloud 9 or like 1,2,3 you can count on me , favorite song with any numerical value",3005,Childish Gambino,Because the Internet,28,11,4th,Dina B,,"JustRimmey
4
Marina
4
N2N0
3
ThenerB
3
Corgi
3
EJ Gunter
3
Heavy Metal Zebra
2
HippyHippyShake
2
Duncan Moreland
2
Matthew J. Hobbs
1
Terry L.
1"
3,title containing a number,"counting up, counting down, on cloud 9 or like 1,2,3 you can count on me , favorite song with any numerical value",Summer Of '69,Bryan Adams,Reckless (30th Anniversary / Deluxe Editi,25,8,5th,Terry L.,,"rena :)
6
Heavy Metal Zebra
4
N2N0
3
Dina B
3
Matthew J. Hobbs
3
EJ Gunter
3
Sjr
2
ThenerB
1"
3,title containing a number,"counting up, counting down, on cloud 9 or like 1,2,3 you can count on me , favorite song with any numerical value",300 M.P.H. Torrential Outpour Blues,The White Stripes,Icky Thump,23,9,6th,HippyHippyShake,I love this whole album front to back ,"Marina
6
Mooly
4
Duncan Moreland
3
Matthew J. Hobbs
3
N2N0
2
Terry L.
2
Dina B
1
ThenerB
1
EJ Gunter
1"
3,title containing a number,"counting up, counting down, on cloud 9 or like 1,2,3 you can count on me , favorite song with any numerical value",8 (JANGWONYOUNG Solo),IVE,REVIVE+,18,8,7th,ThenerB,"And left no crumbs… one of my faves from their latest album, definitely a banger","HippyHippyShake
6
N2N0
3
JJdaPanda
2
Tatami
2
Mooly
2
Heavy Metal Zebra
1
Matthew J. Hobbs
1
EJ Gunter
1"
3,title containing a number,"counting up, counting down, on cloud 9 or like 1,2,3 you can count on me , favorite song with any numerical value",TenTwentyTen,Generationals,ActorCaster,15,8,8th,Matthew J. Hobbs,,"Mooly
6
Sjr
2
ThenerB
New to me, like it 👍
2
Heavy Metal Zebra
1
Duncan Moreland
1
JustRimmey
1
Terry L.
1
EJ Gunter
1"
3,title containing a number,"counting up, counting down, on cloud 9 or like 1,2,3 you can count on me , favorite song with any numerical value",pg.4 a picture of three hedges,julie,pg.4 a picture of three hedges/through your window,14,7,9th,Duncan Moreland,,"Tatami
3
Marina
3
Sjr
2
JustRimmey
2
Corgi
2
Heavy Metal Zebra
1
N2N0
1"
3,title containing a number,"counting up, counting down, on cloud 9 or like 1,2,3 you can count on me , favorite song with any numerical value",212,Azealia Banks,Broke with Expensive Taste,13,8,10th,Mooly,"Say what you will about Azealia Banks, bitch knows how to serve cunt 💅","HippyHippyShake
4
N2N0
2
Dina B
2
Duncan Moreland
1
ThenerB
1
Matthew J. Hobbs
1
Terry L.
1
EJ Gunter
1"
3,title containing a number,"counting up, counting down, on cloud 9 or like 1,2,3 you can count on me , favorite song with any numerical value",Seventy Times 7,Brand New,Your Favorite Weap,13,7,11th,JustRimmey,,"Heavy Metal Zebra
3
Sjr
2
Duncan Moreland
2
Dina B
2
Matthew J. Hobbs
2
HippyHippyShake
1
ThenerB
1"
3,title containing a number,"counting up, counting down, on cloud 9 or like 1,2,3 you can count on me , favorite song with any numerical value",Cloud 9,Megan Moroney,Cloud 9,12,8,12th,rena :),,"Terry L.
3
Sjr
2
Dina B
2
N2N0
1
ThenerB
Normally not my scene but this one got a full play through
1
JustRimmey
1
Matthew J. Hobbs
1
EJ Gunter
1"
3,title containing a number,"counting up, counting down, on cloud 9 or like 1,2,3 you can count on me , favorite song with any numerical value",2,Life After Youth,2,12,5,13th,Marina,,"Duncan Moreland
5
Tatami
3
Sjr
2
Heavy Metal Zebra
1
ThenerB
1"
3,title containing a number,"counting up, counting down, on cloud 9 or like 1,2,3 you can count on me , favorite song with any numerical value",1955,Hilltop Hoods,"Drinking From The Sun, Walking Under Stars Restru",11,7,14th,Sjr,,"ThenerB
Hadn’t heard it, cool 👍
2
JustRimmey
2
Matthew J. Hobbs
2
Terry L.
2
N2N0
1
Dina B
1
EJ Gunter
1"
3,title containing a number,"counting up, counting down, on cloud 9 or like 1,2,3 you can count on me , favorite song with any numerical value",100 Bad Days,AJR,Neotheater,10,7,15th,JJdaPanda,,"Tatami
2
Sjr
2
JustRimmey
2
Heavy Metal Zebra
1
N2N0
1
ThenerB
1
Matthew J. Hobbs
1"
3,title containing a number,"counting up, counting down, on cloud 9 or like 1,2,3 you can count on me , favorite song with any numerical value",$106,Oranj Goodman,Medicine,5,2,16th,EJ Gunter,🥳🥳🥳,"Tatami
3
Duncan Moreland
2"
3,title containing a number,"counting up, counting down, on cloud 9 or like 1,2,3 you can count on me , favorite song with any numerical value",BETON.HOF1,Beton.Hofi,INTERREGNU,3,2,17th,Corgi,,"Tatami
2
Heavy Metal Zebra
1"
3,title containing a number,"counting up, counting down, on cloud 9 or like 1,2,3 you can count on me , favorite song with any numerical value",7 Things - Single Version,Miley Cyrus,Breakout,53 0,12,18th,[Left the league],Did not vote,"Corgi
19
JJdaPanda
10
rena :)
SO
GOOD !!!
6
N2N0
3
Matthew J. Hobbs
3
Terry L.
3
Dina B
2
JustRimmey
2
EJ Gunter
2
Heavy Metal Zebra
1
Sjr
1
ThenerB
1"
3,title containing a number,"counting up, counting down, on cloud 9 or like 1,2,3 you can count on me , favorite song with any numerical value",7,Prince,[Love Symbol],33 0,11,19th,Kate Booth,Did not vote,"HippyHippyShake
6
Tatami
5
Dina B
5
JustRimmey
4
Heavy Metal Zebra
3
N2N0
2
Duncan Moreland
2
ThenerB
2
Matthew J. Hobbs
2
Mooly
1
EJ Gunter
1"
3,title containing a number,"counting up, counting down, on cloud 9 or like 1,2,3 you can count on me , favorite song with any numerical value","1, 2, 3, 4",Plain White T's,Big Bad World,21 0,10,20th,JacAttac,Did not vote,"There’s only 1 thing 2 do, 3 words 4 you, I love youuuu
rena :)
a gooooodieeee
5
Terry L.
3
JJdaPanda
2
Heavy Metal Zebra
2
Sjr
2
N2N0
2
ThenerB
2
Dina B
1
EJ Gunter
1
Marina
1""
https://app.musicleague.com/l/fe4049a5bec34a9892e2fd5135a35ad3/2eedc693c0fd4b92bff7e9c468502270/,""OPEN"
2,women do it best 🫶🏻,fav song by a female artist !,Bad Romance,Lady Gaga,The Fame Monster (Deluxe Editi,39,15,1st,JacAttac,,"JJdaPanda
4
ThenerB
4
[Left the league]
4
Sjr
4
Tatami
3
Marina
3
Heavy Metal Zebra
3
Terry L.
3
N2N0
2
Matthew J. Hobbs
2
Mooly
2
Duncan Moreland
2
[Left the league]
1
Dina B
1
JustRimmey
This song was slightly ruined for me when my kids first learned they could ask for non-kids music on our alexa devices! However, with everything being more mellow or laid back leading into this, we may be approaching banger territory!
1"
2,women do it best 🫶🏻,fav song by a female artist !,You Know I'm No Good,Amy Winehouse,Back To Black (Deluxe Editi,37,14,2nd,ThenerB,"So many great artists to choose from and so many favorites, but this is the one that ended up here","Duncan Moreland
5
Mooly
5
Tatami
4
Matthew J. Hobbs
4
HippyHippyShake
4
Marina
3
Sjr
2
[Left the league]
2
JacAttac
2
N2N0
2
JJdaPanda
1
Terry L.
1
JustRimmey
Gone too soon! I have to get up and move and dance any time I hear this song! It is definitely a bop. Is it a banger? Still thinking about it!
1
Dina B
1"
2,women do it best 🫶🏻,fav song by a female artist !,Unwritten,Natasha Bedingfield,Unwritte,33,13,3rd,N2N0,,"Corgi
10
Marina
3
Terry L.
3
Sjr
3
Heavy Metal Zebra
2
Tatami
2
Matthew J. Hobbs
2
[Left the league]
2
JacAttac
2
JJdaPanda
1
[Left the league]
1
ThenerB
1
JustRimmey
I love this song, and sing along loudly (and poorly) whenever I hear it.
1"
2,women do it best 🫶🏻,fav song by a female artist !,Ain't Nobody,Chaka Khan,"Epiphany: The Best of Chaka Khan, Vol. 1",30,13,4th,Mooly,,"HippyHippyShake
4
Tatami
3
[Left the league]
3
Heavy Metal Zebra
3
Terry L.
3
Dina B
3
JacAttac
2
JustRimmey
Chaka doesn't get enough love these days. BANGER! Certified to make me dance!
2
Sjr
2
Duncan Moreland
2
JJdaPanda
1
[Left the league]
1
ThenerB
1"
2,women do it best 🫶🏻,fav song by a female artist !,I'm with You,Avril Lavigne,Let G,30,11,5th,Heavy Metal Zebra,,"Corgi
10
Terry L.
4
Marina
3
JJdaPanda
2
N2N0
2
[Left the league]
2
JacAttac
2
[Left the league]
2
ThenerB
1
JustRimmey
I love this song so much. But I ask myself, is it a banger? And then I find myself thinking about the old Avril Lavigne clone conspiracy theory, and then I think about whatever happened to my Avril poster I had in college. And then I decided this is banger-adjacent enough for me!
1
Matthew J. Hobbs
1"
2,women do it best 🫶🏻,fav song by a female artist !,Uninvited,Alanis Morissette,City of Angels (Music from the Motion Picture,28,11,6th,HippyHippyShake,Truly one of the best songs written for a movie of all time. ,"Duncan Moreland
5
N2N0
3
Dina B
3
JustRimmey
Ok, I complained about slowness of other songs, and me questioning the banger-nature of them. What takes this to the next level (aside from being recorded by God herself) is how this musically builds and crescendos in ways that some of the earlier songs in the playlist did not.
3
Matthew J. Hobbs
3
[Left the league]
3
Marina
3
Sjr
2
JJdaPanda
1
ThenerB
1
JacAttac
1"
2,women do it best 🫶🏻,fav song by a female artist !,Love at First Sight,Kylie Minogue,Fever,24,14,7th,[Left the league],,"ThenerB
4
Tatami
3
Mooly
3
Dina B
2
JustRimmey
I FORGOT ABOUT THIS SONG!!!!! I'll certify this as a banger.
2
N2N0
2
JJdaPanda
1
Heavy Metal Zebra
1
[Left the league]
1
Sjr
1
Terry L.
1
Duncan Moreland
1
Matthew J. Hobbs
1
JacAttac
1"
2,women do it best 🫶🏻,fav song by a female artist !,Gypsy,Fleetwood Mac,Greatest Hit,24,13,8th,Dina B,,"N2N0
3
Marina
3
Matthew J. Hobbs
3
Heavy Metal Zebra
2
Tatami
2
JacAttac
2
Mooly
2
Terry L.
2
Sjr
1
JustRimmey
Stevie's voice is like buttah! I think this is in more bop than banger territory.
1
[Left the league]
1
JJdaPanda
1
[Left the league]
1"
2,women do it best 🫶🏻,fav song by a female artist !,Bulletproof,La Roux,La Roux,20,13,9th,Sjr,,"Matthew J. Hobbs
3
[Left the league]
2
N2N0
2
Tatami
2
JustRimmey
This song lives rent free in my head for days whenever I hear it.  So, BANGER STATUS ACHIEVED!!!
2
JacAttac
2
JJdaPanda
1
Heavy Metal Zebra
1
[Left the league]
1
Mooly
1
Duncan Moreland
1
Dina B
1
ThenerB
1"
2,women do it best 🫶🏻,fav song by a female artist !,Another Sad Love Song,Toni Braxton,Toni Braxt,20,12,10th,Tatami,,"HippyHippyShake
4
Dina B
3
Terry L.
2
Heavy Metal Zebra
2
Sjr
2
JJdaPanda
1
[Left the league]
1
JacAttac
1
[Left the league]
1
N2N0
1
Duncan Moreland
1
ThenerB
1
JustRimmey
I do love some Toni from time to time, but it was not bangerish enough for my tastes."
2,women do it best 🫶🏻,fav song by a female artist !,Emotion,Destiny's Child,Survivor,18,9,11th,Terry L.,"Not solo artist, but didn't mention it had to be.","Corgi
4
Tatami
3
[Left the league]
3
JJdaPanda
2
Dina B
2
Heavy Metal Zebra
1
Sjr
1
Duncan Moreland
1
[Left the league]
1
JustRimmey
I think this is a good song, I think its too mellow for me to be a banger. I would have to be in a very niche mood to get into it."
2,women do it best 🫶🏻,fav song by a female artist !,Lose You To Love Me,Selena Gomez,Rare,14,6,12th,JJdaPanda,,"HippyHippyShake
4
ThenerB
4
N2N0
2
Dina B
2
Matthew J. Hobbs
1
Terry L.
1"
2,women do it best 🫶🏻,fav song by a female artist !,the me u kno,tiLLie,the me u k,13,8,13th,Marina,,"JustRimmey
I have never heard this before, but I will definitely listen to it again and again.  This for me, is a certified banger!
3
Terry L.
3
Heavy Metal Zebra
2
JJdaPanda
1
Duncan Moreland
1
ThenerB
1
JacAttac
1
[Left the league]
1"
2,women do it best 🫶🏻,fav song by a female artist !,She's in Love with You - 2017 Remaster,Suzi Quatro,Suzi… and Other Four Letter Words (2017 Remaster,12,11,14th,Matthew J. Hobbs,,"JustRimmey
This song is an example of why I hate american music charts, she was HUGE in the UK, and got limited airtime in the US.  I DECLARE THIS A BANGER!
2
JJdaPanda
1
Heavy Metal Zebra
1
Sjr
1
Dina B
1
ThenerB
1
[Left the league]
1
JacAttac
1
[Left the league]
1
Mooly
1
Terry L.
1"
2,women do it best 🫶🏻,fav song by a female artist !,Earth (Dradada),Jerry Heil,Earth (Dradada,10,7,15th,Corgi,,"Mooly
4
JJdaPanda
1
Duncan Moreland
1
ThenerB
1
JustRimmey
I have no idea what to think about this song, but it got me movin while doing the dishes, so I must VOTE!
1
JacAttac
1
[Left the league]
1"
2,women do it best 🫶🏻,fav song by a female artist !,"Racist, Sexist Boy",The Linda Lindas,Growing Up,9,8,16th,JustRimmey,Banger,"Heavy Metal Zebra
2
JJdaPanda
1
Tatami
1
Duncan Moreland
1
Dina B
1
ThenerB
1
[Left the league]
1
JacAttac
1"
2,women do it best 🫶🏻,fav song by a female artist !,I Dream of Jeannie - With the Light Brown Hair,Stina Nordenstam,People Are Strange,9,5,17th,Duncan Moreland,[Left the league],"5
JJdaPanda
1
Sjr
1
N2N0
1
JacAttac
1
JustRimmey
I think this was an interesting song. I think I'm going to double back and listen to it again to see if I have a fuller opinion after a second go through."
2,women do it best 🫶🏻,fav song by a female artist !,in to yang,runo plum,yin to ya,8,5,18th,[Left the league],,"HippyHippyShake
4
JJdaPanda
1
N2N0
1
Duncan Moreland
1
JacAttac
1
JustRimmey
I thought this was good, but way too mellow for my usual musical tastes."
2,women do it best 🫶🏻,fav song by a female artist !,Edge of Seventeen - 2016 Remaster,Stevie Nicks,Bella Donna (2016 Remastered,40 0,15,19th,EJ Gunter,Did not vote,"Mooly
5
HippyHippyShake
4
Heavy Metal Zebra
School of Rock! 
4
N2N0
3
Marina
3
Dina B
3
Matthew J. Hobbs
3
[Left the league]
3
Sjr
3
[Left the league]
2
JacAttac
2
Duncan Moreland
2
JJdaPanda
1
JustRimmey
Yeah, ok, I now had to go reallocate votes, because this is the more banger-ish of the Stevie Nicks submissions. 
1
ThenerB
1"
2,women do it best 🫶🏻,fav song by a female artist !,Good Books,Lola Young,Good Book,14 0,10,20th,rena :),Did not vote,"this song speaks to me at volumes i can’t begin to explain
JustRimmey
I'm a big fan of the beat, and I'm loving her voice! The lyrics just keep getting better throughout the song!  I declare thee a banger!
3
Marina
3
JJdaPanda
1
Tatami
1
Sjr
1
Dina B
1
ThenerB
1
JacAttac
1
Matthew J. Hobbs
1
Mooly
1""
https://app.musicleague.com/l/fe4049a5bec34a9892e2fd5135a35ad3/2776396105a54c1e91e6763c60b24109/,""OPEN"
1,name in the title,"girls name, guys name, singers name, youuuu name it !! any song titles containing a name",like JENNIE,JENNIE,Rub,41,12,1st,ThenerB,,"JJdaPanda
13
Corgi
6
Mooly
5
HippyHippyShake
3
Dina B
3
Tatami
2
N2N0
2
JacAttac
2
Matthew J. Hobbs
2
Heavy Metal Zebra
1
Duncan Moreland
1
JustRimmey
I liked this more than I thought I would!
1"
1,name in the title,"girls name, guys name, singers name, youuuu name it !! any song titles containing a name",Iris,The Goo Goo Dolls,Dizzy up the Girl,40,17,2nd,[Left the league],[Left the league],"LOVE this song :)
5
Heavy Metal Zebra
4
JJdaPanda
4
Marina
3
Mooly
3
Terry L.
3
N2N0
2
Tatami
2
HippyHippyShake
2
rena :)
2
[Left the league]
2
Sjr
2
JacAttac
2
JustRimmey
Classic
1
ThenerB
1
Dina B
1
Duncan Moreland
1"
1,name in the title,"girls name, guys name, singers name, youuuu name it !! any song titles containing a name",Buddy Holly,Weezer,Weezer,38,15,3rd,Sjr,[Left the league],"5
Mooly
5
Dina B
3
JacAttac
3
Heavy Metal Zebra
3
[Left the league]
3
Tatami
3
N2N0
2
Duncan Moreland
2
rena :)
2
HippyHippyShake
2
Matthew J. Hobbs
2
Terry L.
1
JustRimmey
Well played. A point for you sir, madam, or them!
1
[Left the league]
1"
1,name in the title,"girls name, guys name, singers name, youuuu name it !! any song titles containing a name",Charlene,Anthony Hamilton,Comin' From Where I'm From,32,8,4th,Tatami,,"EJ Gunter
24
JustRimmey
God, this album start to finish is a banger!!
2
Sjr
1
[Left the league]
1
Dina B
1
Corgi
1
[Left the league]
1
[Left the league]
1"
1,name in the title,"girls name, guys name, singers name, youuuu name it !! any song titles containing a name",Jessie's Girl,Rick Springfield,Working Class D,31,15,5th,JacAttac,,"rena :)
one of my favssss
6
[Left the league]
3
Marina
3
Heavy Metal Zebra
3
Dina B
2
Sjr
2
Tatami
2
N2N0
2
[Left the league]
2
JJdaPanda
1
Terry L.
1
Matthew J. Hobbs
1
JustRimmey
My dad rock vibes wouldn't let me not vote for this
1
ThenerB
Classic 
1
Duncan Moreland
1"
1,name in the title,"girls name, guys name, singers name, youuuu name it !! any song titles containing a name",Hey There Delilah,Plain White T's,All That We Needed,29,13,6th,JJdaPanda,[Left the league],"4
rena :)
4
Dina B
3
JacAttac
3
Heavy Metal Zebra
3
Sjr
2
Tatami
2
N2N0
2
[Left the league]
2
Terry L.
1
Marina
1
ThenerB
Classic 
1
Duncan Moreland
1
JustRimmey
Ugh, I get it, I just have never liked this song."
1,name in the title,"girls name, guys name, singers name, youuuu name it !! any song titles containing a name",Scotty Doesn't Know,Lustra,Left for Dead,27,13,7th,rena :),,"Duncan Moreland
3
Dina B
3
ThenerB
🤣🤣 well played 
3
Terry L.
2
JustRimmey
I love this for more than the meme!
2
HippyHippyShake
2
JacAttac
2
Heavy Metal Zebra
2
[Left the league]
2
Tatami
2
Sjr
2
Matthew J. Hobbs
1
[Left the league]
1"
1,name in the title,"girls name, guys name, singers name, youuuu name it !! any song titles containing a name","If I'm James Dean, You're Audrey Hepburn",Sleeping With Sirens,With Ears To See And Eyes To Hear,27,12,8th,JustRimmey,,"rena :)
THIS IS SUCH A GOODIE !! OMG LOVE THE SWS APPRECIATION !!!!
5
Heavy Metal Zebra
3
Duncan Moreland
3
ThenerB
3
JacAttac
3
JJdaPanda
2
Matthew J. Hobbs
2
Marina
2
Tatami
1
Sjr
1
N2N0
1
[Left the league]
1"
1,name in the title,"girls name, guys name, singers name, youuuu name it !! any song titles containing a name",Valerie,Steve Winwood,Talking Back To The Night,27,11,9th,Terry L.,,"Mooly
5
Marina
5
[Left the league]
3
Matthew J. Hobbs
3
Sjr
2
[Left the league]
2
N2N0
2
JustRimmey
ValeriEEEEEEEEEEEEEEEEE CALL ME! This is an absolute gem!
2
Heavy Metal Zebra
1
Tatami
1
Dina B
1"
1,name in the title,"girls name, guys name, singers name, youuuu name it !! any song titles containing a name",Jackie and Wilson,Hozier,Hozier (Expanded Editi,25,14,10th,Dina B,,"HippyHippyShake
3
rena :)
3
[Left the league]
3
Tatami
2
JJdaPanda
2
N2N0
2
Terry L.
2
JacAttac
2
[Left the league]
1
Matthew J. Hobbs
1
Mooly
1
Heavy Metal Zebra
1
Sjr
1
Duncan Moreland
1"
1,name in the title,"girls name, guys name, singers name, youuuu name it !! any song titles containing a name",Go Gina,SZA,Ctrl,23,14,11th,EJ Gunter,Yuppppp,"JacAttac
3
Mooly
3
HippyHippyShake
3
Terry L.
2
[Left the league]
Bonus point because my name is Gina :)
2
Corgi
2
Tatami
1
[Left the league]
1
Duncan Moreland
1
Matthew J. Hobbs
1
rena :)
1
JustRimmey
This might convert me to a SZA fan!
1
[Left the league]
1
ThenerB
1"
1,name in the title,"girls name, guys name, singers name, youuuu name it !! any song titles containing a name",Johnny,CARR,Joh,21,12,12th,Marina,,"N2N0
3
[Left the league]
3
HippyHippyShake
2
Sjr
2
[Left the league]
2
JustRimmey
New to me artist, I loved it, and am digging in for more!
2
Corgi
2
Tatami
1
Duncan Moreland
1
Dina B
1
ThenerB
1
Terry L.
1"
1,name in the title,"girls name, guys name, singers name, youuuu name it !! any song titles containing a name",Laura,Scissor Sisters,Scissor Sister,21,10,13th,Mooly,[Left the league],"5
HippyHippyShake
4
ThenerB
3
Sjr
2
JustRimmey
Oh man, it's been a HOOOOOOOOOT minute since I've listened to the Scissor sisters! This is a bop!
2
Heavy Metal Zebra
1
[Left the league]
1
Duncan Moreland
1
Dina B
1
Matthew J. Hobbs
1"
1,name in the title,"girls name, guys name, singers name, youuuu name it !! any song titles containing a name",Valerie,The Zutons,Tired Of Hanging Around,21,10,14th,Matthew J. Hobbs,,"ThenerB
Love this version
5
[Left the league]
4
Sjr
2
N2N0
2
Duncan Moreland
2
JacAttac
2
Heavy Metal Zebra
1
Tatami
1
Dina B
1
JustRimmey
This was a good cover, it's hard for me to love other people doing it.  We'll see if I still have a vote sticking around at the end for it.
1"
1,name in the title,"girls name, guys name, singers name, youuuu name it !! any song titles containing a name",Intergalactic Janet,Ley Soul,Intergalactic Janet,21,8,15th,Duncan Moreland,,"Corgi
8
Tatami
Never heard this before, but it's right up my alley.
3
Terry L.
3
ThenerB
2
Marina
2
[Left the league]
1
[Left the league]
1
Matthew J. Hobbs
1"
1,name in the title,"girls name, guys name, singers name, youuuu name it !! any song titles containing a name",Angus Mcfife,Gloryhammer,Tales from the Kingdom of Fife,20,8,16th,Heavy Metal Zebra,,"JustRimmey
I'm glad to see there's more than 1 person who recommends Gloryhammer on here! Hoots!!!!!!!
5
Corgi
4
Matthew J. Hobbs
4
Sjr
2
ThenerB
2
N2N0
1
Duncan Moreland
1
Marina
1"
1,name in the title,"girls name, guys name, singers name, youuuu name it !! any song titles containing a name",Bella,AIDAN,Bella,13,9,17th,Corgi,,"HippyHippyShake
3
Marina
3
JJdaPanda
1
Heavy Metal Zebra
1
Sjr
1
N2N0
1
Duncan Moreland
Funny looking dude 
1
JustRimmey
I loved the epic build throughout!
1
Matthew J. Hobbs
1"
1,name in the title,"girls name, guys name, singers name, youuuu name it !! any song titles containing a name",Justin's Headed Out,mercury,Justin's Headed Out,13,7,18th,[Left the league],,"Duncan Moreland
3
Terry L.
3
Marina
3
[Left the league]
1
JustRimmey
I enjoyed this one quite a bit.
1
Corgi
1
Matthew J. Hobbs
1"
1,name in the title,"girls name, guys name, singers name, youuuu name it !! any song titles containing a name",Evangeline,Stephen Sanchez,Evangeline,13,6,19th,N2N0,[Left the league],"4
Terry L.
3
Dina B
2
Mooly
2
JJdaPanda
1
Matthew J. Hobbs
1"
1,name in the title,"girls name, guys name, singers name, youuuu name it !! any song titles containing a name",Velvet Elvis,Kacey Musgraves,Golden Hour,11,9,20th,HippyHippyShake,,"JacAttac
2
Terry L.
2
Sjr
1
[Left the league]
1
N2N0
1
Dina B
1
rena :)
1
Matthew J. Hobbs
1
Marina
1"
1,name in the title,"girls name, guys name, singers name, youuuu name it !! any song titles containing a name",Bobby James,N.E.R.D,In Search Of...,10,10,21st,[Left the league],,"Tatami
1
Sjr
1
[Left the league]
1
N2N0
1
Duncan Moreland
1
Dina B
1
ThenerB
1
JustRimmey
I want a new NERD album!
1
Matthew J. Hobbs
1
[Left the league]
1""
""
""
""
""
=
=
=
=
=
=
=
=
=
=
=
=
=
=
=
=
=
=
=
=
=
=
=
=
="
